episode,task,mechanism,role,strategy_name,reward,error,gt_forecast_log,gt_forecast_brier,gt_decision_correct,gt_judge_p_correct
14ec651764b74f61,synth0-q16,judged forecast,forecaster,overconfident,0.22400000000000003,False,-0.5762534290884459,-0.19184399999999996,1.0,0.562
63cb8982493a9701,synth0-q54,judged forecast,forecaster,extremizer,0.908,False,-0.10092591858996053,-0.009215999999999995,1.0,0.904
b11baec090920f95,synth0-q12,judged forecast,forecaster,overconfident,1.0,False,-0.027371196796132015,-0.0007289999999999999,1.0,0.973
766183b8e379916c,synth0-q43,judged forecast,forecaster,calibrated,0.3,False,-0.916290731874155,-0.36,0.0,0.4
43bfc8fda35d3322,synth0-q48,judged forecast,forecaster,overconfident,1.0,False,-0.01005033585350145,-0.00010000000000000018,1.0,0.99
09a0c71a1caaccbd,synth0-q34,judged forecast,forecaster,calibrated,1.0,False,-0.03562717764315116,-0.0012250000000000021,1.0,0.965
dd67654ed7c9c01e,synth0-q57,judged forecast,forecaster,overconfident,1.0,False,-0.01005033585350145,-0.00010000000000000018,1.0,0.99
7d377b38c47ec828,synth0-q37,judged forecast,forecaster,extremizer,1.0,False,-0.01005033585350145,-0.0001,1.0,0.99
4c9ef188921ef7d6,synth0-q37,judged forecast,forecaster,underconfident,0.8320000000000001,False,-0.1438703704197019,-0.017956000000000003,1.0,0.866
5e0ff3c4af61dc70,synth0-q58,judged forecast,forecaster,underconfident,0.754,False,-0.1899505839584458,-0.029928999999999997,1.0,0.827
cdf320cbee1b8c5f,synth0-q30,judged forecast,forecaster,underconfident,0.648,False,-0.2561834053924099,-0.051076,1.0,0.774
db2366da0035d914,synth0-q34,judged forecast,forecaster,extremizer,1.0,False,-0.014098924379501648,-0.00019600000000000035,1.0,0.986
9533415897db0154,synth0-q16,judged forecast,forecaster,underconfident,0.126,False,-0.6674794338113675,-0.237169,1.0,0.513
b38dc3760d0d17b2,synth0-q51,judged forecast,forecaster,underconfident,0.9560000000000001,False,-0.07472354619593642,-0.005183999999999993,1.0,0.928
a50e2daa8f8cffe4,synth0-q13,judged forecast,forecaster,extremizer,1.0,False,-0.016129381929883644,-0.000256,1.0,0.984
8c73c516588dba1a,synth0-q29,judged forecast,forecaster,extremizer,0.868,False,-0.1232982163444936,-0.013456000000000001,1.0,0.884
4781029ce52bb109,synth0-q30,judged forecast,forecaster,calibrated,0.944,False,-0.08121005542554317,-0.006084,1.0,0.922
877be9efad5f16ae,synth0-q24,judged forecast,forecaster,overconfident,1.0,False,-0.01005033585350145,-0.0001,1.0,0.99
8ae47b9f31f76d15,synth0-q53,judged forecast,forecaster,overconfident,0.774,False,-0.17793120849266178,-0.026569000000000002,1.0,0.837
351c944941a01d29,synth0-q21,judged forecast,forecaster,overconfident,0.798,False,-0.16369609267078977,-0.022801,1.0,0.849
e6dec18ee10488e9,synth0-q14,judged forecast,forecaster,overconfident,0.5599999999999999,False,-1.3093333199837622,-0.5328999999999999,0.0,0.27
06073ce28bca87a6,synth0-q27,judged forecast,forecaster,underconfident,0.4,False,-0.4307829160924542,-0.12249999999999998,1.0,0.65
6775c12743439feb,synth0-q9,judged forecast,forecaster,extremizer,0.898,False,-0.10647224451051676,-0.010200999999999997,1.0,0.899
02d5fc65699d3637,synth0-q6,judged forecast,forecaster,calibrated,0.22400000000000003,False,-0.825536368605691,-0.31584400000000007,0.0,0.43799999999999994
680dd6f97181f9b6,synth0-q2,judged forecast,forecaster,underconfident,0.2,False,-0.5978370007556204,-0.20249999999999996,1.0,0.55
a6bf3756a96f234a,synth0-q47,judged forecast,forecaster,overconfident,1.0,False,-0.033556783528842754,-0.0010890000000000001,1.0,0.967
80feeb464f1312a4,synth0-q1,judged forecast,forecaster,underconfident,0.122,False,-0.6713856887784326,-0.239121,1.0,0.511
88a69516e744186e,synth0-q25,judged forecast,forecaster,calibrated,0.33599999999999997,False,-0.4812668215244463,-0.145924,1.0,0.618
3e02acdd89aeabea,synth0-q19,judged forecast,forecaster,extremizer,0.99,False,-0.05657035148839435,-0.0030250000000000055,1.0,0.945
3bc2e1d25d15bdb3,synth0-q35,judged forecast,forecaster,extremizer,1.0,False,-0.01005033585350145,-0.0001,1.0,0.99
238867221a44ba6e,synth0-q10,judged forecast,forecaster,overconfident,1.0,False,-0.022245608947319737,-0.00048400000000000087,1.0,0.978
7854986d1617c4e3,synth0-q52,judged forecast,forecaster,extremizer,0.718,False,-1.6554818509355074,-0.6544810000000001,0.0,0.19099999999999995
8d561cad8c52626d,synth0-q51,judged forecast,forecaster,extremizer,1.0,False,-0.01005033585350145,-0.00010000000000000018,1.0,0.99
39042e8173cc2bfa,synth0-q22,judged forecast,forecaster,overconfident,1.0,False,-0.020202707317519466,-0.0004000000000000007,1.0,0.98
ccb9993f9709c95a,synth0-q4,judged forecast,forecaster,calibrated,0.20400000000000001,False,-0.802962046567152,-0.30470400000000003,0.0,0.44799999999999995
1689ed9585836fa8,synth0-q15,judged forecast,forecaster,underconfident,0.11000000000000001,False,-0.7031975164134467,-0.255025,0.0,0.495
2bb94ac0cc9f53ab,synth0-q4,judged forecast,forecaster,extremizer,0.742,False,-1.7203694731413819,-0.6740409999999999,0.0,0.17900000000000005
0c3626febf47cfb3,synth0-q31,judged forecast,forecaster,underconfident,0.572,False,-0.3065251602532608,-0.06969600000000001,1.0,0.736
eacf048cb5cab0a1,synth0-q48,judged forecast,forecaster,extremizer,1.0,False,-0.01005033585350145,-0.00010000000000000018,1.0,0.99
b19182d8ebc38916,synth0-q25,judged forecast,forecaster,extremizer,0.794,False,-0.1660545843300827,-0.023409000000000006,1.0,0.847
3e4b7a947bfbc4ac,synth0-q39,judged forecast,forecaster,calibrated,0.33199999999999996,False,-0.4845083154486173,-0.147456,1.0,0.616
d6cd39c500157d18,synth0-q14,judged forecast,forecaster,underconfident,0.2,False,-0.7985076962177717,-0.30250000000000005,0.0,0.44999999999999996
d421ed1d64742f01,synth0-q33,judged forecast,forecaster,calibrated,0.786,False,-0.17078832098028163,-0.024649000000000008,1.0,0.843
0c9c45028c5cdb7f,synth0-q33,judged forecast,forecaster,underconfident,0.49800000000000005,False,-0.3581045367483269,-0.09060100000000003,1.0,0.699
06336a060ac2feaa,synth0-q45,judged forecast,forecaster,extremizer,0.716,False,-1.6502599069543558,-0.6528640000000001,0.0,0.19199999999999995
0ca1a0c7bfe020cf,synth0-q55,judged forecast,forecaster,underconfident,0.622,False,-0.2731219211204512,-0.057121,1.0,0.761
ce7904c5c06cf50a,synth0-q1,judged forecast,forecaster,calibrated,0.144,False,-0.6500876910994983,-0.228484,1.0,0.522
b3ba4df6732e03f3,synth0-q18,judged forecast,forecaster,calibrated,0.5700000000000001,False,-0.3078847797693004,-0.07022500000000001,1.0,0.735
40724e0122afd7cd,synth0-q59,judged forecast,forecaster,calibrated,0.71,False,-0.21691300156357363,-0.03802499999999998,1.0,0.805
b9df256243c254bf,synth0-q13,judged forecast,forecaster,overconfident,1.0,False,-0.01005033585350145,-0.0001,1.0,0.99
4ffdc0cc63048609,synth0-q22,judged forecast,forecaster,extremizer,0.96,False,-0.07257069283483537,-0.004899999999999993,1.0,0.93
79423b95d5c958bf,synth0-q53,judged forecast,forecaster,underconfident,0.262,False,-0.5430045221302259,-0.175561,1.0,0.581
3a04519ccb27cdff,synth0-q40,judged forecast,forecaster,calibrated,0.27999999999999997,False,-0.8915981192837836,-0.3481000000000001,0.0,0.41
167a15407de1106b,synth0-q52,judged forecast,forecaster,calibrated,0.144,False,-0.7381445464906811,-0.272484,0.0,0.478
d1d13ef66f8ccc7d,synth0-q15,judged forecast,forecaster,calibrated,0.12,False,-0.7133498878774648,-0.2601,0.0,0.49
1789008ed1694759,synth0-q54,judged forecast,forecaster,calibrated,0.62,False,-0.2744368457017603,-0.0576,1.0,0.76
cfa8355c6beb8d92,synth0-q47,judged forecast,forecaster,extremizer,0.9359999999999999,False,-0.08555788836164654,-0.006724000000000001,1.0,0.918
6a79c872422863ee,synth0-q5,judged forecast,forecaster,extremizer,0.836,False,-2.0249533563957662,-0.753424,0.0,0.132
61152504d8886275,synth0-q49,judged forecast,forecaster,overconfident,1.0,False,-0.04290750101127655,-0.0017640000000000032,1.0,0.958
461f01d88affe2d4,synth0-q26,judged forecast,forecaster,underconfident,0.20600000000000002,False,-0.5923972774598022,-0.19980899999999996,1.0,0.553
6aa9dfa23a3a3e24,synth0-q50,judged forecast,forecaster,overconfident,1.0,False,-3.912023005428145,-0.9603999999999999,0.0,0.020000000000000018
9335dfcb409cbc65,synth0-q39,judged forecast,forecaster,overconfident,0.632,False,-0.26657310924154576,-0.05475599999999999,1.0,0.766
7a77b25efbdeb003,synth0-q26,judged forecast,forecaster,overconfident,0.5860000000000001,False,-0.2970592342643779,-0.066049,1.0,0.743
ae7676785dd8fe16,synth0-q44,judged forecast,forecaster,calibrated,0.65,False,-1.491654876777717,-0.6006250000000001,0.0,0.225
2a8425d981009dee,synth0-q55,judged forecast,forecaster,extremizer,1.0,False,-0.03666398437159147,-0.0012960000000000022,1.0,0.964
5a00b4295b80b6e2,synth0-q35,judged forecast,forecaster,overconfident,1.0,False,-0.01005033585350145,-0.0001,1.0,0.99
01ae694f1358bc08,synth0-q3,judged forecast,forecaster,calibrated,1.0,False,-0.01005033585350145,-0.00010000000000000018,1.0,0.99
44f64c7082d6e11a,synth0-q12,judged forecast,forecaster,underconfident,0.442,False,-0.3989861420104552,-0.108241,1.0,0.671
3ce87b96355bb360,synth0-q18,judged forecast,forecaster,extremizer,0.8880000000000001,False,-0.11204950380862289,-0.011236,1.0,0.894
809682d0b37c5b6c,synth0-q26,judged forecast,forecaster,extremizer,0.784,False,-0.17197526473981037,-0.02496400000000001,1.0,0.842
5036bb1834afebda,synth0-q36,judged forecast,forecaster,overconfident,1.0,False,-0.01005033585350145,-0.00010000000000000018,1.0,0.99
5ef3bda521254876,synth0-q47,judged forecast,forecaster,calibrated,0.6900000000000001,False,-0.2294131643278051,-0.04202499999999999,1.0,0.795
7b9a10be39bb0962,synth0-q48,judged forecast,forecaster,calibrated,1.0,False,-0.019182819416773987,-0.00036100000000000064,1.0,0.981
bbf2b5e6861a4bf1,synth0-q20,judged forecast,forecaster,calibrated,0.6559999999999999,False,-0.2510287548037454,-0.04928399999999999,1.0,0.778
9080436e3aebb62c,synth0-q46,judged forecast,forecaster,calibrated,0.8240000000000001,False,-1.9805015938249322,-0.7430439999999999,0.0,0.138
b38ea75e1786d59c,synth0-q32,judged forecast,forecaster,extremizer,1.0,False,-0.04709160753385057,-0.0021160000000000037,1.0,0.954
c609e5843a3f88e2,synth0-q24,judged forecast,forecaster,underconfident,0.76,False,-0.18632957819149348,-0.028900000000000006,1.0,0.83
48099aa62eb3b9e4,synth0-q38,judged forecast,forecaster,overconfident,1.0,False,-0.01005033585350145,-0.00010000000000000018,1.0,0.99
cda39c455149259c,synth0-q43,judged forecast,forecaster,underconfident,0.2,False,-0.7985076962177717,-0.30250000000000005,0.0,0.44999999999999996
bff6cb27423a11a8,synth0-q13,judged forecast,forecaster,calibrated,1.0,False,-0.0397808700118446,-0.001521,1.0,0.961
60e495fbd0a0bbda,synth0-q11,judged forecast,forecaster,extremizer,1.0,False,-3.575550768806932,-0.944784,0.0,0.028000000000000025
dfa6f4669d7089ea,synth0-q1,judged forecast,forecaster,extremizer,0.718,False,-0.2119563619236453,-0.03648099999999998,1.0,0.809
07999ced85047ca0,synth0-q44,judged forecast,forecaster,extremizer,0.9199999999999999,False,-2.4079456086518722,-0.8281000000000001,0.0,0.09
fb48e591c3cfec23,synth0-q58,judged forecast,forecaster,calibrated,1.0,False,-0.04290750101127655,-0.0017640000000000002,1.0,0.958
481fefc818073784,synth0-q3,judged forecast,forecaster,extremizer,1.0,False,-0.01005033585350145,-0.00010000000000000018,1.0,0.99
47688c0997fd6f0b,synth0-q54,judged forecast,forecaster,underconfident,0.38,False,-0.4462871026284195,-0.1296,1.0,0.64
fb5a1d660b08ad90,synth0-q38,judged forecast,forecaster,extremizer,1.0,False,-0.03149066709137085,-0.0009610000000000017,1.0,0.969
22d39adc8681b917,synth0-q11,judged forecast,forecaster,calibrated,0.958,False,-2.6450754019408222,-0.8630410000000001,0.0,0.07099999999999995
599d83c948411ba5,synth0-q10,judged forecast,forecaster,underconfident,0.45999999999999996,False,-0.3856624808119846,-0.10239999999999996,1.0,0.68
973816b44beb3f52,synth0-q24,judged forecast,forecaster,extremizer,1.0,False,-0.016129381929883644,-0.000256,1.0,0.984
7c78a3010566597f,synth0-q21,judged forecast,forecaster,underconfident,0.272,False,-0.5344354894051243,-0.171396,1.0,0.5860000000000001
9073e91e9ae6e246,synth0-q30,judged forecast,forecaster,overconfident,1.0,False,-0.01005033585350145,-0.0001,1.0,0.99
96ba8ee9f9c78517,synth0-q20,judged forecast,forecaster,overconfident,1.0,False,-0.04290750101127655,-0.0017640000000000032,1.0,0.958
2cf0edd5e728ee8e,synth0-q40,judged forecast,forecaster,underconfident,0.192,False,-0.789658080940789,-0.29811600000000005,0.0,0.454
969de9e0d3a68c82,synth0-q59,judged forecast,forecaster,underconfident,0.44000000000000006,False,-0.40047756659712525,-0.10889999999999997,1.0,0.67
cbf0084639ad62e1,synth0-q13,judged forecast,forecaster,underconfident,0.766,False,-0.1827216368152944,-0.027889000000000004,1.0,0.833
4d7925c6f39bb03b,synth0-q41,judged forecast,forecaster,underconfident,0.702,False,-0.22189433191377791,-0.039601000000000004,1.0,0.8009999999999999
30337dbc9e39ba09,synth0-q37,judged forecast,forecaster,overconfident,1.0,False,-0.01005033585350145,-0.0001,1.0,0.99
2536ff12840e9bf0,synth0-q28,judged forecast,forecaster,overconfident,0.49000000000000005,False,-1.1874435023747254,-0.4830250000000001,0.0,0.305
7ce20ce5ca31b55e,synth0-q58,judged forecast,forecaster,overconfident,1.0,False,-0.01005033585350145,-0.0001,1.0,0.99
c0655fc1411082a7,synth0-q49,judged forecast,forecaster,underconfident,0.404,False,-0.4277107170554841,-0.12110399999999999,1.0,0.652
29434ea9e693aca3,synth0-q27,judged forecast,forecaster,extremizer,0.9199999999999999,False,-0.09431067947124129,-0.0081,1.0,0.91
41dd3ec01bea5186,synth0-q56,judged forecast,forecaster,overconfident,1.0,False,-0.01005033585350145,-0.00010000000000000018,1.0,0.99
0c9304ec3700ca36,synth0-q3,judged forecast,forecaster,underconfident,1.0,False,-0.028399474521698,-0.0007840000000000014,1.0,0.972
00b63f41c4c60260,synth0-q1,judged forecast,forecaster,overconfident,0.20800000000000002,False,-0.5905905922348531,-0.19891599999999995,1.0,0.554
a508bb0edead10d2,synth0-q48,judged forecast,forecaster,underconfident,0.8560000000000001,False,-0.1301086853470204,-0.014884,1.0,0.878
daa264d4062a09e7,synth0-q6,judged forecast,forecaster,overconfident,0.4,False,-1.0498221244986778,-0.42250000000000004,0.0,0.35
fb4d8aeeffbd7d8b,synth0-q49,judged forecast,forecaster,calibrated,0.6559999999999999,False,-0.2510287548037454,-0.04928399999999999,1.0,0.778
503de92fee2d9496,synth0-q7,judged forecast,forecaster,underconfident,0.13999999999999999,False,-0.7339691750802004,-0.27040000000000003,0.0,0.48
f3a10c1aa8403f8b,synth0-q53,judged forecast,forecaster,extremizer,0.826,False,-0.14734058789870913,-0.018769000000000004,1.0,0.863
61ec0fd488db6c97,synth0-q50,judged forecast,forecaster,underconfident,0.472,False,-1.158362293073884,-0.47059600000000007,0.0,0.31399999999999995
59fbae7741508035,synth0-q31,judged forecast,forecaster,extremizer,1.0,False,-0.046043938501406846,-0.002025,1.0,0.955
a9d13613cff3a2de,synth0-q31,judged forecast,forecaster,calibrated,0.8720000000000001,False,-0.1210383283770561,-0.012996,1.0,0.886
3bb69796303797ad,synth0-q41,judged forecast,forecaster,calibrated,0.984,False,-0.05975000440577405,-0.0033640000000000002,1.0,0.942
9193c6ca6c8c0875,synth0-q51,judged forecast,forecaster,calibrated,1.0,False,-0.01005033585350145,-0.00010000000000000018,1.0,0.99
4035d494a88d23f8,synth0-q34,judged forecast,forecaster,overconfident,1.0,False,-0.01005033585350145,-0.00010000000000000018,1.0,0.99
117575ef82195f44,synth0-q27,judged forecast,forecaster,overconfident,1.0,False,-0.044997365930735805,-0.0019359999999999998,1.0,0.956
9337187f94bedeb0,synth0-q8,judged forecast,forecaster,extremizer,0.968,False,-0.06827884075329449,-0.0043560000000000005,1.0,0.9339999999999999
13b4cdc2ca38c7c5,synth0-q46,judged forecast,forecaster,extremizer,0.99,False,-2.900422093749665,-0.893025,0.0,0.05500000000000005
cdb1228d04dda88d,synth0-q4,judged forecast,forecaster,overconfident,0.354,False,-0.9861768593383216,-0.393129,0.0,0.373
d4450c5b6cf5dab5,synth0-q12,judged forecast,forecaster,calibrated,0.714,False,-0.21443161071218833,-0.037249000000000004,1.0,0.8069999999999999
363e5909f086b98f,synth0-q15,judged forecast,forecaster,extremizer,0.708,False,-1.6296406197516198,-0.6464160000000001,0.0,0.196
14b135f0875df315,synth0-q52,judged forecast,forecaster,overconfident,0.20800000000000002,False,-0.8074363269620731,-0.3069160000000001,0.0,0.44599999999999995
03bc6df155e5beb5,synth0-q16,judged forecast,forecaster,calibrated,0.15,False,-0.6443570163905132,-0.225625,1.0,0.525
fed34dc1beacf9d1,synth0-q59,judged forecast,forecaster,extremizer,0.944,False,-0.08121005542554317,-0.006083999999999993,1.0,0.922
2d612b1839814f36,synth0-q28,judged forecast,forecaster,extremizer,0.766,False,-1.7897614665653818,-0.693889,0.0,0.167
3c0cdb00c1ebc2f1,synth0-q57,judged forecast,forecaster,calibrated,1.0,False,-0.01005033585350145,-0.00010000000000000018,1.0,0.99
82170a96c977cec6,synth0-q45,judged forecast,forecaster,overconfident,0.20600000000000002,False,-0.8051966843685683,-0.30580900000000005,0.0,0.44699999999999995
ec940d46b562e1d7,synth0-q57,judged forecast,forecaster,extremizer,1.0,False,-0.01005033585350145,-0.00010000000000000018,1.0,0.99
cb4130d95c38d40d,synth0-q17,judged forecast,forecaster,underconfident,0.73,False,-0.2045671657412744,-0.03422500000000002,1.0,0.815
e80b1ef906b77423,synth0-q5,judged forecast,forecaster,underconfident,0.274,False,-0.8843076860211043,-0.34456899999999996,0.0,0.413
38a6cebea7abe859,synth0-q24,judged forecast,forecaster,calibrated,1.0,False,-0.040821994520255166,-0.0016,1.0,0.96
c40c608440469c91,synth0-q35,judged forecast,forecaster,calibrated,1.0,False,-0.026343975339601977,-0.000676,1.0,0.974
d5b7e8e0edb2f841,synth0-q34,judged forecast,forecaster,underconfident,0.78,False,-0.1743533871447778,-0.02560000000000001,1.0,0.84
b94f23d457dfdec9,synth0-q0,judged forecast,forecaster,underconfident,0.41600000000000004,False,-1.0729445419195318,-0.4329639999999999,0.0,0.342
5cb988872d19b652,synth0-q45,judged forecast,forecaster,calibrated,0.142,False,-0.7360546815712219,-0.27144100000000004,0.0,0.479
5579648b0e4a22c8,synth0-q7,judged forecast,forecaster,extremizer,0.732,False,-1.6928195213731512,-0.6658559999999999,0.0,0.18400000000000005
be7f7b247221fd0d,synth0-q9,judged forecast,forecaster,overconfident,0.976,False,-0.06400532997591243,-0.0038440000000000067,1.0,0.938
9218fca1c09b2648,synth0-q11,judged forecast,forecaster,overconfident,1.0,False,-4.605170185988091,-0.9801,0.0,0.010000000000000009
6255f5953ef31858,synth0-q43,judged forecast,forecaster,overconfident,0.5660000000000001,False,-1.3205066205818874,-0.537289,0.0,0.267
1b5f1f1b59cb34ce,synth0-q21,judged forecast,forecaster,calibrated,0.43200000000000005,False,-0.406465608441748,-0.11155600000000002,1.0,0.6659999999999999
a5951e62f4857d29,synth0-q19,judged forecast,forecaster,underconfident,0.528,False,-0.33687231664255274,-0.08179600000000002,1.0,0.714
0a6baa0edb4aec11,synth0-q8,judged forecast,forecaster,calibrated,0.772,False,-0.17912666589743548,-0.026896000000000003,1.0,0.836
45c1723832c532c7,synth0-q30,judged forecast,forecaster,extremizer,1.0,False,-0.03149066709137085,-0.0009609999999999999,1.0,0.969
d03128376082f65e,synth0-q9,judged forecast,forecaster,calibrated,0.596,False,-0.2903523010076598,-0.063504,1.0,0.748
566d69fa18f15791,synth0-q46,judged forecast,forecaster,underconfident,0.528,False,-1.2517634681622845,-0.5097959999999999,0.0,0.28600000000000003
1de65673e2bef5f6,synth0-q46,judged forecast,forecaster,overconfident,1.0,False,-4.605170185988091,-0.9801,0.0,0.010000000000000009
4a866c2958ae13ce,synth0-q38,judged forecast,forecaster,calibrated,0.9460000000000001,False,-0.08012604447928486,-0.005928999999999993,1.0,0.923
45770483007f1fc4,synth0-q41,judged forecast,forecaster,overconfident,1.0,False,-0.01005033585350145,-0.0001,1.0,0.99
0e0e057e8f12e296,synth0-q32,judged forecast,forecaster,overconfident,1.0,False,-0.01005033585350145,-0.00010000000000000018,1.0,0.99
1e162f3618451ddf,synth0-q55,judged forecast,forecaster,calibrated,0.9199999999999999,False,-0.09431067947124129,-0.008099999999999994,1.0,0.91
4d7c058c6e51d300,synth0-q37,judged forecast,forecaster,calibrated,1.0,False,-0.02326862693935433,-0.000529,1.0,0.977
c1fd423de90ac812,synth0-q19,judged forecast,forecaster,overconfident,1.0,False,-0.01005033585350145,-0.00010000000000000018,1.0,0.99
681aec985fbafe8a,synth0-q35,judged forecast,forecaster,underconfident,0.82,False,-0.15082288973458366,-0.019600000000000003,1.0,0.86
cd5b7b88e84abb2d,synth0-q8,judged forecast,forecaster,overconfident,1.0,False,-0.017146158834970514,-0.00028900000000000003,1.0,0.983
93366d615f236594,synth0-q28,judged forecast,forecaster,underconfident,0.182,False,-0.7787050689215919,-0.2926809999999999,0.0,0.459
e24d3dec78b20e55,synth0-q39,judged forecast,forecaster,underconfident,0.21800000000000003,False,-0.5816058058270378,-0.19448099999999996,1.0,0.559
860911e17b6af25f,synth0-q25,judged forecast,forecaster,underconfident,0.22000000000000003,False,-0.579818495252942,-0.19359999999999997,1.0,0.56
352b9305f0c16614,synth0-q0,judged forecast,forecaster,overconfident,1.0,False,-3.2968373663379125,-0.9273689999999999,0.0,0.037
03d845f85801cd2f,synth0-q32,judged forecast,forecaster,underconfident,0.5700000000000001,False,-0.3078847797693004,-0.07022500000000001,1.0,0.735
ec474d611b10e25d,synth0-q42,judged forecast,forecaster,extremizer,0.8039999999999999,False,-0.16016875215282134,-0.021904000000000007,1.0,0.852
5629710b9bf44366,synth0-q12,judged forecast,forecaster,extremizer,0.9460000000000001,False,-0.08012604447928486,-0.005929,1.0,0.923
9fb63a2b64ab5303,synth0-q17,judged forecast,forecaster,overconfident,1.0,False,-0.01005033585350145,-0.00010000000000000018,1.0,0.99
bd20f21be354d5f1,synth0-q18,judged forecast,forecaster,underconfident,0.35,False,-0.4700036292457356,-0.140625,1.0,0.625
8f9ef2521c059932,synth0-q14,judged forecast,forecaster,extremizer,0.778,False,-1.826350913997674,-0.7039209999999999,0.0,0.16100000000000003
75eca7e1d65fcd72,synth0-q11,judged forecast,forecaster,underconfident,0.666,False,-1.5278579254416775,-0.613089,0.0,0.21699999999999997
4952f1e8f2ad1633,synth0-q40,judged forecast,forecaster,overconfident,0.528,False,-1.2517634681622845,-0.5097959999999999,0.0,0.286
8cc116f41aec5298,synth0-q53,judged forecast,forecaster,calibrated,0.41600000000000004,False,-0.41855034765682,-0.11696400000000001,1.0,0.6579999999999999
e4e046fb9dc48a1e,synth0-q29,judged forecast,forecaster,calibrated,0.52,False,-0.342490308946776,-0.0841,1.0,0.71
09221ce0ea12b844,synth0-q44,judged forecast,forecaster,overconfident,1.0,False,-3.123565645063876,-0.913936,0.0,0.044
5deab862ecb2afd5,synth0-q44,judged forecast,forecaster,underconfident,0.4,False,-1.0498221244986778,-0.42250000000000004,0.0,0.35
45cbee10db774d1c,synth0-q2,judged forecast,forecaster,calibrated,0.3,False,-0.5108256237659907,-0.16000000000000003,1.0,0.6
2342fe9c1b6e3305,synth0-q19,judged forecast,forecaster,calibrated,0.8240000000000001,False,-0.14850000831844395,-0.019044000000000002,1.0,0.862
3480c8d11813a033,synth0-q36,judged forecast,forecaster,calibrated,1.0,False,-0.016129381929883644,-0.0002560000000000005,1.0,0.984
7d161fa0dda1770d,synth0-q3,judged forecast,forecaster,overconfident,1.0,False,-0.01005033585350145,-0.00010000000000000018,1.0,0.99
efefc7a638ecc560,synth0-q9,judged forecast,forecaster,underconfident,0.366,False,-0.45728485683796083,-0.134689,1.0,0.633
d43fee7cecc0643b,synth0-q45,judged forecast,forecaster,underconfident,0.122,False,-0.715392789507265,-0.261121,0.0,0.489
712ad5cf8b4adc24,synth0-q54,judged forecast,forecaster,overconfident,0.994,False,-0.054456185796058855,-0.002809000000000005,1.0,0.947
8811883ceea2f4fd,synth0-q43,judged forecast,forecaster,extremizer,0.78,False,-1.83258146374831,-0.7055999999999999,0.0,0.16000000000000003
fe1078e427d1e987,synth0-q5,judged forecast,forecaster,calibrated,0.44000000000000006,False,-1.1086626245216111,-0.4488999999999999,0.0,0.33
7eac685e8dbb7156,synth0-q29,judged forecast,forecaster,overconfident,0.908,False,-0.10092591858996053,-0.009216,1.0,0.904
7dc6b3e5dfbe8abd,synth0-q58,judged forecast,forecaster,extremizer,1.0,False,-0.017146158834970514,-0.00028900000000000003,1.0,0.983
986341d68f65c803,synth0-q5,judged forecast,forecaster,overconfident,0.808,False,-1.9241486572738007,-0.729316,0.0,0.146
eeecdf9953f42d07,synth0-q28,judged forecast,forecaster,calibrated,0.264,False,-0.8722738464573808,-0.3387240000000001,0.0,0.418
d1226dc8d768c0e2,synth0-q47,judged forecast,forecaster,underconfident,0.426,False,-0.4109802887962745,-0.11356900000000002,1.0,0.663
5f350ac9cc06eac7,synth0-q49,judged forecast,forecaster,extremizer,0.922,False,-0.0932123817221787,-0.007920999999999994,1.0,0.911
fada9cdd13fbcd5d,synth0-q27,judged forecast,forecaster,calibrated,0.65,False,-0.25489224962879004,-0.050625,1.0,0.775
8335d4a82a08a04d,synth0-q29,judged forecast,forecaster,underconfident,0.32,False,-0.4942963218147801,-0.1521,1.0,0.61
eb89a508a3cf26ab,synth0-q0,judged forecast,forecaster,calibrated,0.674,False,-1.546463113272712,-0.6193690000000001,0.0,0.213
16eb426b50bc56e7,synth0-q33,judged forecast,forecaster,overconfident,1.0,False,-0.015113637810048184,-0.0002250000000000004,1.0,0.985
1586d97969ee0f20,synth0-q31,judged forecast,forecaster,overconfident,1.0,False,-0.01005033585350145,-0.0001,1.0,0.99
4c13fe3acd08ac63,synth0-q55,judged forecast,forecaster,overconfident,1.0,False,-0.01005033585350145,-0.00010000000000000018,1.0,0.99
b0f2b83fc06ee2a1,synth0-q2,judged forecast,forecaster,extremizer,0.78,False,-0.1743533871447778,-0.02560000000000001,1.0,0.84
3429b6a2c5ec72c3,synth0-q23,judged forecast,forecaster,overconfident,1.0,False,-4.605170185988091,-0.9801,0.0,0.01
fde6b5f27a8af0fd,synth0-q23,judged forecast,forecaster,extremizer,1.0,False,-3.473768074496991,-0.9389609999999999,0.0,0.031
23de491357eb4919,synth0-q7,judged forecast,forecaster,calibrated,0.18,False,-0.7765287894989964,-0.2916,0.0,0.45999999999999996
774d65c757c88542,synth0-q40,judged forecast,forecaster,extremizer,0.772,False,-1.8078888511579385,-0.698896,0.0,0.164
8dc2c03689014022,synth0-q0,judged forecast,forecaster,extremizer,0.93,False,-2.4651040224918206,-0.8372250000000001,0.0,0.085
e43d7e46a81d2e7b,synth0-q22,judged forecast,forecaster,calibrated,0.752,False,-0.19116050546115904,-0.030276000000000015,1.0,0.826
4ad13772def62c28,synth0-q20,judged forecast,forecaster,underconfident,0.404,False,-0.4277107170554841,-0.12110399999999999,1.0,0.652
72b3fedd03f11aaf,synth0-q23,judged forecast,forecaster,underconfident,0.654,False,-1.5005835075220182,-0.6037290000000001,0.0,0.223
33e4456999f7eb0c,synth0-q10,judged forecast,forecaster,calibrated,0.738,False,-0.1996711951290677,-0.03276100000000002,1.0,0.819
a0c83ddc8991f543,synth0-q36,judged forecast,forecaster,extremizer,1.0,False,-0.01005033585350145,-0.00010000000000000018,1.0,0.99
97115de84f730fac,synth0-q32,judged forecast,forecaster,calibrated,0.8699999999999999,False,-0.12216763397420753,-0.013224999999999997,1.0,0.885
ee55450b6c4b8189,synth0-q38,judged forecast,forecaster,underconfident,0.65,False,-0.25489224962879004,-0.05062499999999999,1.0,0.775
51786fda3000c953,synth0-q2,judged forecast,forecaster,overconfident,0.5660000000000001,False,-0.3106095770954856,-0.071289,1.0,0.733
f6383c018288427e,synth0-q15,judged forecast,forecaster,overconfident,0.148,False,-0.7423374247507171,-0.27457600000000004,0.0,0.476
19f4099adad59659,synth0-q57,judged forecast,forecaster,underconfident,0.966,False,-0.06935007813479317,-0.004488999999999993,1.0,0.933
773d19762b0edb23,synth0-q17,judged forecast,forecaster,calibrated,1.0,False,-0.05024121643674679,-0.0024010000000000043,1.0,0.951
5b43d6ec3c4d2468,synth0-q39,judged forecast,forecaster,extremizer,0.794,False,-0.1660545843300827,-0.023409000000000006,1.0,0.847
bd239ebe2f965f4f,synth0-q36,judged forecast,forecaster,underconfident,0.874,False,-0.11991029667255755,-0.012768999999999997,1.0,0.887
d11cc70dffa8a5fc,synth0-q18,judged forecast,forecaster,overconfident,0.9560000000000001,False,-0.07472354619593642,-0.005183999999999999,1.0,0.928
f695639b3a6540f2,synth0-q10,judged forecast,forecaster,extremizer,0.9560000000000001,False,-0.07472354619593642,-0.005183999999999993,1.0,0.928
fe6d5ccf39afacbb,synth0-q42,judged forecast,forecaster,overconfident,0.6799999999999999,False,-0.23572233352106983,-0.044099999999999986,1.0,0.79
e9f7f3eab4b48665,synth0-q6,judged forecast,forecaster,underconfident,0.162,False,-0.7571525105358577,-0.281961,0.0,0.469
128bb94f240863f8,synth0-q23,judged forecast,forecaster,calibrated,0.9480000000000001,False,-2.577021938695806,-0.8537760000000001,0.0,0.076
a2475827e4431c3f,synth0-q56,judged forecast,forecaster,extremizer,1.0,False,-0.029428810690812168,-0.0008410000000000015,1.0,0.971
b5bf74380b0e7793,synth0-q25,judged forecast,forecaster,overconfident,0.636,False,-0.26396554583446485,-0.05382399999999999,1.0,0.768
cde81133f0d2f1f2,synth0-q16,judged forecast,forecaster,extremizer,0.72,False,-0.21072103131565253,-0.03609999999999998,1.0,0.81
37dfc756352dfa7c,synth0-q59,judged forecast,forecaster,overconfident,1.0,False,-0.028399474521698,-0.0007840000000000014,1.0,0.972
1cdc58ef8e015ae0,synth0-q42,judged forecast,forecaster,calibrated,0.358,False,-0.4636240222816965,-0.13764099999999999,1.0,0.629
136d753351e5857a,synth0-q26,judged forecast,forecaster,calibrated,0.31,False,-0.5025268209512956,-0.15602500000000002,1.0,0.605
1f8f6e91be4213c3,synth0-q21,judged forecast,forecaster,extremizer,0.8320000000000001,False,-0.1438703704197019,-0.017956000000000003,1.0,0.866
b8da8fa81d5ac920,synth0-q20,judged forecast,forecaster,extremizer,0.922,False,-0.0932123817221787,-0.007920999999999994,1.0,0.911
6aae7df2fd4a048a,synth0-q33,judged forecast,forecaster,extremizer,0.974,False,-0.0650719967437148,-0.003968999999999993,1.0,0.937
ef780df0c390294f,synth0-q22,judged forecast,forecaster,underconfident,0.47000000000000003,False,-0.3783364407199117,-0.09922499999999997,1.0,0.685
1c0f418032fb20bc,synth0-q50,judged forecast,forecaster,calibrated,0.754,False,-1.754463684484358,-0.6839289999999999,0.0,0.17300000000000004
54bb3ed403e168a1,synth0-q41,judged forecast,forecaster,extremizer,1.0,False,-0.02326862693935433,-0.000529,1.0,0.977
b1719b9e1f14150f,synth0-q6,judged forecast,forecaster,extremizer,0.75,False,-1.7429693050586228,-0.6806249999999999,0.0,0.17500000000000004
43f3eff66a334d87,synth0-q7,judged forecast,forecaster,overconfident,0.298,False,-0.9137938516755678,-0.358801,0.0,0.401
a8e8b984712e7656,synth0-q8,judged forecast,forecaster,underconfident,0.48600000000000004,False,-0.36672527979223374,-0.094249,1.0,0.6930000000000001
ca9608fb83a1c3d2,synth0-q4,judged forecast,forecaster,underconfident,0.152,False,-0.7465479572870606,-0.27667600000000003,0.0,0.474
6ad7ef3f3929d498,synth0-q14,judged forecast,forecaster,calibrated,0.296,False,-0.9113031903631159,-0.357604,0.0,0.402
4f2ede29f20ef1a6,synth0-q42,judged forecast,forecaster,underconfident,0.23199999999999998,False,-0.5691612007789542,-0.18835600000000005,1.0,0.566
1ec52b792815ce59,synth0-q17,judged forecast,forecaster,extremizer,1.0,False,-0.020202707317519466,-0.0004000000000000007,1.0,0.98
721cd3933ff65175,synth0-q52,judged forecast,forecaster,underconfident,0.122,False,-0.715392789507265,-0.261121,0.0,0.489
aeae8d5309fc14fe,synth0-q51,judged forecast,forecaster,overconfident,1.0,False,-0.01005033585350145,-0.00010000000000000018,1.0,0.99
79701175c9e828b4,synth0-q56,judged forecast,forecaster,underconfident,0.666,False,-0.2446225829913339,-0.047088999999999985,1.0,0.783
e8e23180c5b1a5e5,synth0-q56,judged forecast,forecaster,calibrated,0.958,False,-0.07364654016829848,-0.005040999999999993,1.0,0.929
be2fefae7e2c7387,synth0-q50,judged forecast,forecaster,extremizer,0.962,False,-2.6736487743848785,-0.8667610000000001,0.0,0.06899999999999995
